name	pool	seq	length	%gc	tm (use 65)
nCoV-2019_1_LEFT	nCoV-2019_1	ACCAACCAACTTTCGATCTCTTGT	24	41.67	60.69
nCoV-2019_1_RIGHT	nCoV-2019_1	AAGGTGTCTGCAATTCATAGCTCT	24	41.67	60.32
nCoV-2019_2_LEFT_alt0	nCoV-2019_2	CGGTAATAAAGGAGCTGGTGGC	22	54.55	61.32
nCoV-2019_2_LEFT	nCoV-2019_2	GGTGTATACTGCTGCCGTGAAC	22	54.55	61.56
nCoV-2019_2_RIGHT	nCoV-2019_2	TAGCGGCCTTCTGTAAAACACG	22	50	61.18
nCoV-2019_2_RIGHT_alt1	nCoV-2019_2	TGCACAGGTGACAATTTGTCCA	22	45.45	60.95
nCoV-2019_3_LEFT	nCoV-2019_1	ATCAGAGGCTGCTCGTGTTGTA	22	50	61.73
nCoV-2019_3_LEFT_alt0	nCoV-2019_1	CATTTGCATCAGAGGCTGCTCG	22	54.55	62.44
nCoV-2019_3_RIGHT	nCoV-2019_1	ATGACAGCATCTGCCACAACAC	22	50	61.71
nCoV-2019_3_RIGHT_alt2	nCoV-2019_1	GACAGCATCTGCCACAACACAG	22	54.55	62.26
nCoV-2019_4_LEFT	nCoV-2019_2	TGAGAAGTGCTCTGCCTATACAGT	24	45.83	61.12
nCoV-2019_4_RIGHT	nCoV-2019_2	TTCACTCTTCATTTCCAAAAAGCTTGA	27	33.33	60.36
nCoV-2019_5_LEFT	nCoV-2019_1	TCGCACAAATGTCTACTTAGCTGT	24	41.67	60.56
nCoV-2019_5_RIGHT	nCoV-2019_1	AACAGAAACTGTAGCTGGCACT	22	45.45	60.16
nCoV-2019_5_RIGHT_alt3	nCoV-2019_1	ACTGTAGCTGGCACTTTGAGAGA	23	47.83	61.57
nCoV-2019_6_LEFT	nCoV-2019_2	AATTTGGAAGAAGCTGCTCGGT	22	45.45	60.82
nCoV-2019_6_RIGHT	nCoV-2019_2	AGCTTGTTTACCACACGTACAAGG	24	45.83	61.51
nCoV-2019_6_RIGHT_alt1	nCoV-2019_2	GCTTGTTTACCACACGTACAAGG	23	47.83	60.3
nCoV-2019_7_LEFT	nCoV-2019_1	GCTGTTATGTACATGGGCACACT	23	47.83	61.18
nCoV-2019_7_RIGHT	nCoV-2019_1	TAGATCTGTGTGGCCAACCTCT	22	50	60.83
nCoV-2019_7_RIGHT_alt0	nCoV-2019_1	GATCTGTGTGGCCAACCTCTTC	22	54.55	61.2
nCoV-2019_8_LEFT	nCoV-2019_2	ACTACCGAAGTTGTAGGAGACATTATACT	29	37.93	61.25
nCoV-2019_8_RIGHT	nCoV-2019_2	ACATTCTAACCATAGCTGAAATCGGG	26	42.31	61.19
nCoV-2019_9_LEFT	nCoV-2019_1	GCAATTGTTTTTCAGCTATTTTGCAGT	27	33.33	60.73
nCoV-2019_9_RIGHT	nCoV-2019_1	AATACAAGCACCAAGGTCACGG	22	50	61.13
nCoV-2019_10_LEFT	nCoV-2019_2	ACATAGAAGTTACTGGCGATAGTTGT	26	38.46	60.13
nCoV-2019_10_RIGHT	nCoV-2019_2	ACCACTAGTAGATACACAAACACCAG	26	42.31	60.3
nCoV-2019_11_LEFT	nCoV-2019_1	TTCTGAGTACTGTAGGCACGGC	22	54.55	62.03
nCoV-2019_11_RIGHT	nCoV-2019_1	TGGACAGTAAACTACGTCATCAAGC	25	44	61.08
nCoV-2019_12_LEFT	nCoV-2019_2	TCCCATCTGGTAAAGTTGAGGGT	23	47.83	61.02
nCoV-2019_12_RIGHT	nCoV-2019_2	GAACAAAGACCATTGAGTACTCTGGA	26	42.31	60.74
nCoV-2019_13_LEFT_alt0	nCoV-2019_1	TTAGCTTGGTTGTACGCTGCTG	22	50	61.44
nCoV-2019_13_LEFT	nCoV-2019_1	ACACACCACTGGTTGTTACTCAC	23	47.83	60.93
nCoV-2019_13_RIGHT	nCoV-2019_1	TGTAACTGGACACATTGAGCCC	22	50	60.55
nCoV-2019_13_RIGHT_alt1	nCoV-2019_1	CATGGCTGCATCACGGTCAAAT	22	50	62.09
nCoV-2019_14_LEFT	nCoV-2019_2	TGCACATCAGTAGTCTTACTCTCAGT	26	42.31	61.25
nCoV-2019_14_RIGHT	nCoV-2019_2	CCTACCTCCCTTTGTTGTGTTGT	23	47.83	60.69
nCoV-2019_15_LEFT_alt0	nCoV-2019_1	TGCAAGAGATGGTTGTGTTCCC	22	50	61.08
nCoV-2019_15_LEFT	nCoV-2019_1	TACGACAGATGTCTTGTGCTGC	22	50	60.93
nCoV-2019_15_RIGHT	nCoV-2019_1	AAATTGTTTCTTCATGTTGGTAGTTAGAGA	30	30	60.01
nCoV-2019_15_RIGHT_alt7	nCoV-2019_1	TTCATGTTGGTAGTTAGAGAAAGTGTGTC	29	37.93	61.53
nCoV-2019_15_RIGHT_alt1	nCoV-2019_1	CACGTTCACCTAAGTTGGCGTA	22	50	60.86
nCoV-2019_16_LEFT	nCoV-2019_2	TGTCGCTTCCAAGAAAAGGACG	22	50	61.38
nCoV-2019_16_LEFT_alt1	nCoV-2019_2	CGCTTCCAAGAAAAGGACGAAGA	23	47.83	61.35
nCoV-2019_16_RIGHT	nCoV-2019_2	TAGATTACCAGAAGCAGCGTGC	22	50	60.74
nCoV-2019_17_LEFT	nCoV-2019_1	AGGAATTACTTGTGTATGCTGCTGA	25	40	60.57
nCoV-2019_17_RIGHT	nCoV-2019_1	AGTGCATTAACATTGGCCGTGA	22	45.45	61.14
nCoV-2019_18_LEFT	nCoV-2019_2	CATCAGGAGATGCCACAACTGC	22	54.55	61.83
nCoV-2019_18_RIGHT	nCoV-2019_2	AACCAAAAACTTGTCCATTAGCACA	25	36	60.11
nCoV-2019_19_LEFT	nCoV-2019_1	ACTCAACTTTACTTAGGAGGTATGAGCT	28	39.29	61.43
nCoV-2019_19_RIGHT	nCoV-2019_1	GTAATTGAGCAGGGTCGCCAAT	22	50	61.26
nCoV-2019_20_LEFT	nCoV-2019_2	TGATTTGAGTGTTGTCAATGCCAGA	25	40	61.44
nCoV-2019_20_RIGHT	nCoV-2019_2	GGTACCAACAGCTTCTCTAGTAGC	24	50	60.44
nCoV-2019_21_LEFT	nCoV-2019_1	TGTTTATCACCCGCGAAGAAGC	22	50	61.5
nCoV-2019_21_RIGHT	nCoV-2019_1	ACAAACTGCCACCATCACAACC	22	50	61.85
nCoV-2019_22_LEFT	nCoV-2019_2	TCGATAGATATCCTGCTAATTCCATTGT	28	35.71	60.11
nCoV-2019_22_RIGHT	nCoV-2019_2	TCAATTTCCATTTGACTCCTGGGT	24	41.67	60.45
nCoV-2019_23_LEFT	nCoV-2019_1	GTTGTCCAACAATTACCTGAAACTTACT	28	35.71	60.43
nCoV-2019_23_RIGHT	nCoV-2019_1	TCTTTATAGCCACGGAACCTCCA	23	47.83	61.14
nCoV-2019_24_LEFT_alt0	nCoV-2019_1	TGTCGCAAAATATACTCAACTGTGTCA	27	37.04	61.43
nCoV-2019_24_LEFT	nCoV-2019_2	ACAAAAGAAAATGACTCTAAAGAGGGTTT	29	31.03	60.13
nCoV-2019_24_RIGHT	nCoV-2019_2	ACTCTGAACTCACTTTCCATCCAAC	25	44	60.97
nCoV-2019_24_RIGHT_alt1	nCoV-2019_1	CACCAGCTGTCCAACCTGAAGA	22	54.55	62.45
nCoV-2019_25_LEFT	nCoV-2019_1	CAATTTTGTAATGATCCATTTTTGGGTGT	29	31.03	60.29
nCoV-2019_25_RIGHT	nCoV-2019_1	ACCACCAACCTTAGAATCAAGATTGT	26	38.46	60.69
nCoV-2019_26_LEFT	nCoV-2019_2	AGGGCAAACTGGAAAGATTGCT	22	45.45	60.76
nCoV-2019_26_LEFT_alt3	nCoV-2019_2	GGGCAAACTGGAAAGATTGCTGA	23	47.83	61.87
nCoV-2019_26_RIGHT	nCoV-2019_2	TGTGTACAAAAACTGCCATATTGCA	25	36	60.22
nCoV-2019_27_LEFT	nCoV-2019_1	GTGGTGATTCAACTGAATGCAGC	23	47.83	60.92
nCoV-2019_27_RIGHT	nCoV-2019_1	GTGAAGTTCTTTTCTTGTGCAGGG	24	45.83	60.73
nCoV-2019_28_LEFT	nCoV-2019_2	GGGCTATCATCTTATGTCCTTCCCT	25	48	61.52
nCoV-2019_28_RIGHT	nCoV-2019_2	AGGTGTGAGTAAACTGTTACAAACAAC	27	37.04	60.36
nCoV-2019_29_LEFT	nCoV-2019_1	ACTAGCACTCTCCAAGGGTGTT	22	50	61.03
nCoV-2019_29_RIGHT	nCoV-2019_1	ACTAGGTTCCATTGTTCAAGGAGC	24	45.83	60.81
nCoV-2019_30_LEFT	nCoV-2019_2	CCATGGCAGATTCCAACGGTAC	22	54.55	61.58
nCoV-2019_30_RIGHT	nCoV-2019_2	TGAAATGGTGAATTGCCCTCGT	22	45.45	60.82
nCoV-2019_31_LEFT	nCoV-2019_1	TCACTACCAAGAGTGTGTTAGAGGT	25	44	60.93
nCoV-2019_31_RIGHT	nCoV-2019_1	AGGTCTTCCTTGCCATGTTGAG	22	50	60.55
nCoV-2019_32_LEFT	nCoV-2019_2	GGCCCCAAGGTTTACCCAATAA	22	50	60.56
nCoV-2019_32_RIGHT	nCoV-2019_2	TAGGCTCTGTTGGTGGGAATGT	22	50	61.36
nCoV-2019_32_RIGHT_alt0	nCoV-2019_2	TTCTCCTAAGAAGCTATTAAAATCACATGG	30	33.33	60.01
nCoV-2019_33_LEFT_alt0	nCoV-2019_1	TGAGGGAGCCTTGAATACACCA	22	50	61.1
nCoV-2019_33_LEFT_alt1	nCoV-2019_1	GCCAACAACAACAAGGCCAAAC	22	50	61.82
nCoV-2019_33_LEFT	nCoV-2019_1	TGGATGACAAAGATCCAAATTTCAAAGA	28	32.14	60.22
nCoV-2019_33_RIGHT	nCoV-2019_1	TTCTCCTAAGAAGCTATTAAAATCACATGG	30	33.33	60.01
