clade	gene	site	alt
A.1	nuc	17747	T
A.1	nuc	17858	G
A.1	nuc	18060	T
A.1.1	nuc	9445	C
A.1.1	nuc	17747	T
A.1.1	nuc	17858	G
A.1.1	nuc	18060	T
A.1.1	nuc	24694	T
A.1.2	nuc	10771	C
A.1.2	nuc	17747	T
A.1.2	nuc	17858	G
A.1.2	nuc	18060	T
A.2	nuc	14805	T
A.2	nuc	25979	T
A.2	nuc	28657	T
A.2	nuc	28863	T
A.3	nuc	490	A
A.3	nuc	3177	T
A.3	nuc	18736	C
A.3	nuc	24034	T
A.3	nuc	28077	C
A.4	nuc	16381	A
A.4	nuc	17877	C
A.4	nuc	20316	T
A.4	nuc	25500	T
A.4	nuc	28878	A
A.5	nuc	26088	T
B	nuc	8782	C
B	nuc	28144	T
B.1	nuc	3037	T
B.1	nuc	8782	C
B.1	nuc	14408	T
B.1	nuc	23403	G
B.1	nuc	28144	T
B.1.1	nuc	3037	T
B.1.1	nuc	8782	C
B.1.1	nuc	10097	A
B.1.1	nuc	14408	T
B.1.1	nuc	23403	G
B.1.1	nuc	23731	T
B.1.1	nuc	28144	T
B.1.1	nuc	28881	A
B.1.1	nuc	28882	A
B.1.1	nuc	28883	C
B.1.10	nuc	3037	T
B.1.10	nuc	14408	T
B.1.10	nuc	19170	T
B.1.10	nuc	19509	A
B.1.10	nuc	23403	G
B.1.10	nuc	28144	T
B.1.10	nuc	28881	A
B.1.10	nuc	28882	A
B.1.10	nuc	28883	C
B.1.11	nuc	3037	T
B.1.11	nuc	8782	C
B.1.11	nuc	14408	T
B.1.11	nuc	23403	G
B.1.11	nuc	25429	T
B.1.11	nuc	28144	T
B.1.12	nuc	1059	T
B.1.12	nuc	3037	T
B.1.12	nuc	4320	T
B.1.12	nuc	8782	C
B.1.12	nuc	14408	T
B.1.12	nuc	23403	G
B.1.12	nuc	25563	T
B.1.12	nuc	25688	T
B.1.12	nuc	28144	T
B.1.13	nuc	2416	T
B.1.13	nuc	3037	T
B.1.13	nuc	8782	C
B.1.13	nuc	14408	T
B.1.13	nuc	20578	T
B.1.13	nuc	23403	G
B.1.13	nuc	25563	T
B.1.13	nuc	28144	T
B.1.14	nuc	3037	T
B.1.14	nuc	8782	C
B.1.14	nuc	14408	T
B.1.14	nuc	23403	G
B.1.14	nuc	24054	T
B.1.14	nuc	25958	G
B.1.14	nuc	27046	T
B.1.14	nuc	28144	T
B.1.14	nuc	28881	A
B.1.14	nuc	28882	A
B.1.14	nuc	28883	C
B.1.16	nuc	3037	T
B.1.16	nuc	8782	C
B.1.16	nuc	23403	G
B.1.16	nuc	24390	C
B.1.16	nuc	28144	T
B.1.19	nuc	3037	T
B.1.19	nuc	8782	C
B.1.19	nuc	11417	T
B.1.19	nuc	14408	T
B.1.19	nuc	23403	G
B.1.19	nuc	28144	T
B.1.2	nuc	1059	T
B.1.2	nuc	3037	T
B.1.2	nuc	8782	C
B.1.2	nuc	14408	T
B.1.2	nuc	23403	G
B.1.2	nuc	25563	T
B.1.2	nuc	27964	T
B.1.2	nuc	28144	T
B.1.20	nuc	3037	T
B.1.20	nuc	8782	C
B.1.20	nuc	14408	T
B.1.20	nuc	23403	G
B.1.20	nuc	28144	T
B.1.20	nuc	28739	T
B.1.21	nuc	1059	T
B.1.21	nuc	3037	T
B.1.21	nuc	8782	C
B.1.21	nuc	14408	T
B.1.21	nuc	23403	G
B.1.21	nuc	25563	T
B.1.21	nuc	28144	T
B.1.21	nuc	29553	A
B.1.22	nuc	1594	T
B.1.22	nuc	3037	T
B.1.22	nuc	8782	C
B.1.22	nuc	11109	T
B.1.22	nuc	14408	T
B.1.22	nuc	28144	T
B.1.23	nuc	3037	T
B.1.23	nuc	7438	C
B.1.23	nuc	8782	C
B.1.23	nuc	14408	T
B.1.23	nuc	23403	G
B.1.23	nuc	28144	T
B.1.23	nuc	29353	T
B.1.24	nuc	3037	T
B.1.24	nuc	8782	C
B.1.24	nuc	11801	A
B.1.24	nuc	14408	T
B.1.24	nuc	19839	C
B.1.24	nuc	23403	G
B.1.24	nuc	25552	T
B.1.24	nuc	28144	T
B.1.24	nuc	28881	A
B.1.24	nuc	28882	A
B.1.24	nuc	28883	C
B.1.25	nuc	1059	T
B.1.25	nuc	3037	T
B.1.25	nuc	8782	C
B.1.25	nuc	14408	T
B.1.25	nuc	23403	G
B.1.25	nuc	25563	T
B.1.25	nuc	28144	T
B.1.26	nuc	1059	T
B.1.26	nuc	3037	T
B.1.26	nuc	8782	C
B.1.26	nuc	14408	T
B.1.26	nuc	23403	G
B.1.26	nuc	25563	T
B.1.26	nuc	28144	T
B.1.26	nuc	28821	A
B.1.27	nuc	1059	T
B.1.27	nuc	3037	T
B.1.27	nuc	8782	C
B.1.27	nuc	14408	T
B.1.27	nuc	15760	A
B.1.27	nuc	23403	G
B.1.27	nuc	25563	T
B.1.27	nuc	28144	T
B.1.28	nuc	1059	T
B.1.28	nuc	1917	T
B.1.28	nuc	3037	T
B.1.28	nuc	8782	C
B.1.28	nuc	14408	T
B.1.28	nuc	23403	G
B.1.28	nuc	25563	T
B.1.28	nuc	28144	T
B.1.29	nuc	1059	T
B.1.29	nuc	3037	T
B.1.29	nuc	8782	C
B.1.29	nuc	14408	T
B.1.29	nuc	14747	G
B.1.29	nuc	20755	C
B.1.29	nuc	23403	G
B.1.29	nuc	25563	T
B.1.29	nuc	28144	T
B.1.3	nuc	1059	T
B.1.3	nuc	3037	T
B.1.3	nuc	8782	C
B.1.3	nuc	11916	T
B.1.3	nuc	14408	T
B.1.3	nuc	23403	G
B.1.3	nuc	25563	T
B.1.3	nuc	28144	T
B.1.30	nuc	1059	T
B.1.30	nuc	1437	T
B.1.30	nuc	3037	T
B.1.30	nuc	8782	C
B.1.30	nuc	13006	C
B.1.30	nuc	14408	T
B.1.30	nuc	23403	G
B.1.30	nuc	25563	T
B.1.30	nuc	25688	T
B.1.30	nuc	28144	T
B.1.31	nuc	1059	T
B.1.31	nuc	3037	T
B.1.31	nuc	8782	C
B.1.31	nuc	10851	T
B.1.31	nuc	14408	T
B.1.31	nuc	20931	T
B.1.31	nuc	23403	G
B.1.31	nuc	23439	T
B.1.31	nuc	25563	T
B.1.31	nuc	28144	T
B.1.5	nuc	3037	T
B.1.5	nuc	8782	C
B.1.5	nuc	14408	T
B.1.5	nuc	20268	G
B.1.5	nuc	23403	G
B.1.5	nuc	28144	T
B.1.5.1	nuc	3037	T
B.1.5.1	nuc	8782	C
B.1.5.1	nuc	10323	G
B.1.5.1	nuc	14408	T
B.1.5.1	nuc	20268	G
B.1.5.1	nuc	23403	G
B.1.5.1	nuc	28144	T
B.1.5.2	nuc	3037	T
B.1.5.2	nuc	8782	C
B.1.5.2	nuc	12550	A
B.1.5.2	nuc	14408	T
B.1.5.2	nuc	20268	G
B.1.5.2	nuc	20740	A
B.1.5.2	nuc	23403	G
B.1.5.2	nuc	28144	T
B.1.5.3	nuc	3037	T
B.1.5.3	nuc	8025	T
B.1.5.3	nuc	8782	C
B.1.5.3	nuc	14408	T
B.1.5.3	nuc	20268	G
B.1.5.3	nuc	23403	G
B.1.5.3	nuc	28144	T
B.1.6	nuc	3037	T
B.1.6	nuc	8782	C
B.1.6	nuc	14408	T
B.1.6	nuc	15277	T
B.1.6	nuc	15324	T
B.1.6	nuc	23403	G
B.1.6	nuc	28144	T
B.1.7	nuc	3037	T
B.1.7	nuc	8782	C
B.1.7	nuc	14408	T
B.1.7	nuc	23403	G
B.1.7	nuc	25350	T
B.1.7	nuc	28144	T
B.1.8	nuc	3037	T
B.1.8	nuc	8782	C
B.1.8	nuc	14408	T
B.1.8	nuc	23403	G
B.1.8	nuc	24862	G
B.1.8	nuc	28144	T
B.1.9	nuc	2113	T
B.1.9	nuc	3037	T
B.1.9	nuc	7765	T
B.1.9	nuc	8782	C
B.1.9	nuc	14408	T
B.1.9	nuc	17690	T
B.1.9	nuc	18877	T
B.1.9	nuc	23403	G
B.1.9	nuc	25563	T
B.1.9	nuc	28144	T
B.2	nuc	8782	C
B.2	nuc	11083	T
B.2	nuc	14805	T
B.2	nuc	26144	T
B.2	nuc	28144	T
B.2.1	nuc	2558	T
B.2.1	nuc	8782	C
B.2.1	nuc	11083	T
B.2.1	nuc	14805	T
B.2.1	nuc	26144	T
B.2.1	nuc	28144	T
B.2.2	nuc	1515	G
B.2.2	nuc	8782	C
B.2.2	nuc	9223	T
B.2.2	nuc	11083	T
B.2.2	nuc	14805	T
B.2.2	nuc	17247	C
B.2.2	nuc	26144	T
B.2.2	nuc	28144	T
B.2.3	nuc	8782	C
B.2.3	nuc	14805	T
B.2.3	nuc	17247	C
B.2.3	nuc	26144	T
B.2.3	nuc	28144	T
B.2.3	nuc	29598	G
B.2.4	nuc	8782	C
B.2.4	nuc	13627	T
B.2.4	nuc	14805	T
B.2.4	nuc	15540	T
B.2.4	nuc	26144	T
B.2.4	nuc	28144	T
B.2.4	nuc	28338	G
B.2.5	nuc	8782	C
B.2.5	nuc	11083	T
B.2.5	nuc	14805	T
B.2.5	nuc	23707	T
B.2.5	nuc	26144	T
B.2.5	nuc	28144	T
B.3	nuc	1440	A
B.3	nuc	8782	C
B.3	nuc	28144	T
B.4	nuc	1397	A
B.4	nuc	8782	C
B.4	nuc	11083	T
B.4	nuc	28144	T
B.4	nuc	28688	C
B.5	nuc	8782	C
B.5	nuc	28144	T
B.5	nuc	29635	T
B.6	nuc	6312	A
B.6	nuc	8782	C
B.6	nuc	11083	T
B.6	nuc	13730	T
B.6	nuc	23929	T
B.6	nuc	28144	T
B.6	nuc	28311	T
B.7	nuc	8782	C
B.7	nuc	9962	T
B.7	nuc	21584	G
B.7	nuc	26144	T
B.7	nuc	28144	T
B.8	nuc	1606	-
B.8	nuc	1607	-
B.8	nuc	1608	-
B.8	nuc	8782	C
B.8	nuc	20270	T
B.8	nuc	28144	T
